{
  "direct_execution": 1.4000000000000004,
  "step_by_step": 0.95,
  "structured_planning": 0.7999999999999996
}